{
	"intents": [
		{
			"tag": "greeting",
			"patterns": [
				"Hi",
				"Hey",
				"How are you",
				"Is anyone there?",
				"Hello",
				"Good day",
				"G'day"
			],
			"responses": [
				"Hey :-)",
				"Hello, thanks for visiting",
				"Hi there, what can I do for you?",
				"Hi there, how can I help?"
			]
		},
		{
			"tag": "goodbye",
			"patterns": [
				"Bye",
				"See you later",
				"Goodbye"
			],
			"responses": [
				"See you later, thanks for visiting",
				"Have a nice day",
				"Bye! Come back again soon."
			]
		},
		{
			"tag": "thanks",
			"patterns": [
				"Thanks",
				"Thank you",
				"That's helpful",
				"Thank's a lot!"
			],
			"responses": [
				"Happy to help!",
				"Any time!",
				"My pleasure"
			]
		},
		{
			"tag": "funny",
			"patterns": [
				"Tell me a joke!",
				"Tell me something funny!",
				"Do you know a joke?"
			],
			"responses": [
				"Why did the hipster burn his mouth? He drank the coffee before it was cool.",
				"What did the buffalo say when his son left for college? Bison."
			]
		},
		{
			"tag": "quiz",
			"patterns": [
				"I want to do my quiz",
				"I want to do my assessment",
				"Can I do my quiz?",
				"What quiz is available?",
				"What quiz do i need to do?",
				"What assessment do i need to do?"
			],
			"responses": [
				"You have indicated that you want to do your quiz. Do you want to proceed?"
			]
		},
    {
      "tag": "yes",
      "patterns": [
        "yes",
        "yep",
        "I agree",
        "I confirm"
      ],
      "responses": [
        "Okay"
      ]
    },
    {
      "tag": "no",
      "patterns": [
        "no",
        "nope",
        "nah"
      ],
      "responses": [
        "No worries"
      ]
    },
    {
      "tag": "quit",
      "patterns": [
        "quit",
        "Quit",
        "Exit",
        "I want to exit",
        "I want to leave",
        "Terminate"
      ],
      "responses": [
        "Goodbye"
      ]
    }
	]
}