{
    "$examples": {
        "title": "Entity examples",
        "description": "Entity examples to use when generating LU files.",
        "type": "object",
        "additionalProperties": {
            "title": "Locale",
            "description": "Locale of examples or empty string for all.",
            "type": "object",
            "additionalProperties": {
                "anyOf": [
                    {
                        "title": "Entity",
                        "type": "array",
                        "items": {
                            "title": "Examples",
                            "description": "Examples for entity.",
                            "type": "string"
                        }
                    },
                    {
                        "title": "Enum examples",
                        "description": "Enum examples for each possible value.",
                        "type": "object",
                        "additionalProperties": {
                            "title": "Enum value",
                            "description": "Examples for enum value.",
                            "type": "array",
                            "items": {
                                "title": "Enum examples",
                                "description": "Examples for enum.",
                                "type": "string"
                            }
                        }
                    }
                ]
            }
        }
    }
}